INSERT INTO Country (Name) VALUES ('Venezuela');

INSERT INTO State (Name, Country_Id) VALUES
	('Amazonas',1),
	('Anzoátegui',1),
	('Apure',1),
	('Aragua',1),
	('Barinas',1),
	('Bolívar',1),
	('Carabobo',1),
	('Cojedes',1),
	('Delta Amacuro',1),
	('Falcón',1),
	('Guárico',1),
	('Lara',1),
	('Mérida',1),
	('Miranda',1),
	('Monagas',1),
	('Nueva Esparta',1),
	('Portuguesa',1),
	('Sucre',1),
	('Táchira',1),
	('Trujillo',1),
	('Vargas',1),
	('Yaracuy',1),
	('Zulia',1),
	('Distrito Capital',1),
	('Dependencias Federales',1);

INSERT INTO City (State_Id, Name) VALUES
	(1, 'Maroa'),
	(1, 'Puerto Ayacucho'),
	(1, 'San Fernando de Atabapo'),
	(2, 'Anaco'),
	(2, 'Aragua de Barcelona'),
	(2, 'Barcelona'),
	(2, 'Boca de Uchire'),
	(2, 'Cantaura'),
	(2, 'Clarines'),
	(2, 'El Chaparro'),
	(2, 'El Pao Anzoátegui'),
	(2, 'El Tigre'),
	(2, 'El Tigrito'),
	(2, 'Guanape'),
	(2, 'Guanta'),
	(2, 'Lechería'),
	(2, 'Onoto'),
	(2, 'Pariaguán'),
	(2, 'Píritu'),
	(2, 'Puerto La Cruz'),
	(2, 'Puerto Píritu'),
	(2, 'Sabana de Uchire'),
	(2, 'San Mateo Anzoátegui'),
	(2, 'San Pablo Anzoátegui'),
	(2, 'San Tomé'),
	(2, 'Santa Ana de Anzoátegui'),
	(2, 'Santa Fe Anzoátegui'),
	(2, 'Santa Rosa'),
	(2, 'Soledad'),
	(2, 'Urica'),
	(2, 'Valle de Guanape'),
	(3, 'Achaguas'),
	(3, 'Biruaca'),
	(3, 'Bruzual'),
	(3, 'El Amparo'),
	(3, 'El Nula'),
	(3, 'Elorza'),
	(3, 'Guasdualito'),
	(3, 'Mantecal'),
	(3, 'Puerto Páez'),
	(3, 'San Fernando de Apure'),
	(3, 'San Juan de Payara'),
	(4, 'Barbacoas'),
	(4, 'Cagua'),
	(4, 'Camatagua'),
	(4, 'Choroní'),
	(4, 'Colonia Tovar'),
	(4, 'El Consejo'),
	(4, 'La Victoria'),
	(4, 'Las Tejerías'),
	(4, 'Magdaleno'),
	(4, 'Maracay'),
	(4, 'Ocumare de La Costa'),
	(4, 'Palo Negro'),
	(4, 'San Casimiro'),
	(4, 'San Mateo'),
	(4, 'San Sebastián'),
	(4, 'Santa Cruz de Aragua'),
	(4, 'Tocorón'),
	(4, 'Turmero'),
	(4, 'Villa de Cura'),
	(4, 'Zuata'),
	(5, 'Barinas'),
	(5, 'Barinitas'),
	(5, 'Barrancas'),
	(5, 'Calderas'),
	(5, 'Capitanejo'),
	(5, 'Ciudad Bolivia'),
	(5, 'El Cantón'),
	(5, 'Las Veguitas'),
	(5, 'Libertad de Barinas'),
	(5, 'Sabaneta'),
	(5, 'Santa Bárbara de Barinas'),
	(5, 'Socopó'),
	(6, 'Caicara del Orinoco'),
	(6, 'Canaima'),
	(6, 'Ciudad Bolívar'),
	(6, 'Ciudad Piar'),
	(6, 'El Callao'),
	(6, 'El Dorado'),
	(6, 'El Manteco'),
	(6, 'El Palmar'),
	(6, 'El Pao'),
	(6, 'Guasipati'),
	(6, 'Guri'),
	(6, 'La Paragua'),
	(6, 'Matanzas'),
	(6, 'Puerto Ordaz'),
	(6, 'San Félix'),
	(6, 'Santa Elena de Uairén'),
	(6, 'Tumeremo'),
	(6, 'Unare'),
	(6, 'Upata'),
	(7, 'Bejuma'),
	(7, 'Belén'),
	(7, 'Campo de Carabobo'),
	(7, 'Canoabo'),
	(7, 'Central Tacarigua'),
	(7, 'Chirgua'),
	(7, 'Ciudad Alianza'),
	(7, 'El Palito'),
	(7, 'Guacara'),
	(7, 'Guigue'),
	(7, 'Las Trincheras'),
	(7, 'Los Guayos'),
	(7, 'Mariara'),
	(7, 'Miranda'),
	(7, 'Montalbán'),
	(7, 'Morón'),
	(7, 'Naguanagua'),
	(7, 'Puerto Cabello'),
	(7, 'San Joaquín'),
	(7, 'Tocuyito'),
	(7, 'Urama'),
	(7, 'Valencia'),
	(7, 'Vigirimita'),
	(8, 'Aguirre'),
	(8, 'Apartaderos Cojedes'),
	(8, 'Arismendi'),
	(8, 'Camuriquito'),
	(8, 'El Baúl'),
	(8, 'El Limón'),
	(8, 'El Pao Cojedes'),
	(8, 'El Socorro'),
	(8, 'La Aguadita'),
	(8, 'Las Vegas'),
	(8, 'Libertad de Cojedes'),
	(8, 'Mapuey'),
	(8, 'Piñedo'),
	(8, 'Samancito'),
	(8, 'San Carlos'),
	(8, 'Sucre'),
	(8, 'Tinaco'),
	(8, 'Tinaquillo'),
	(8, 'Vallecito'),
	(9, 'Tucupita'),
	(24, 'Caracas'),
	(24, 'El Junquito'),
	(10, 'Adícora'),
	(10, 'Boca de Aroa'),
	(10, 'Cabure'),
	(10, 'Capadare'),
	(10, 'Capatárida'),
	(10, 'Chichiriviche'),
	(10, 'Churuguara'),
	(10, 'Coro'),
	(10, 'Cumarebo'),
	(10, 'Dabajuro'),
	(10, 'Judibana'),
	(10, 'La Cruz de Taratara'),
	(10, 'La Vela de Coro'),
	(10, 'Los Taques'),
	(10, 'Maparari'),
	(10, 'Mene de Mauroa'),
	(10, 'Mirimire'),
	(10, 'Pedregal'),
	(10, 'Píritu Falcón'),
	(10, 'Pueblo Nuevo Falcón'),
	(10, 'Puerto Cumarebo'),
	(10, 'Punta Cardón'),
	(10, 'Punto Fijo'),
	(10, 'San Juan de Los Cayos'),
	(10, 'San Luis'),
	(10, 'Santa Ana Falcón'),
	(10, 'Santa Cruz De Bucaral'),
	(10, 'Tocopero'),
	(10, 'Tocuyo de La Costa'),
	(10, 'Tucacas'),
	(10, 'Yaracal'),
	(11, 'Altagracia de Orituco'),
	(11, 'Cabruta'),
	(11, 'Calabozo'),
	(11, 'Camaguán'),
	(11, 'Chaguaramas Guárico'),
	(11, 'El Socorro'),
	(11, 'El Sombrero'),
	(11, 'Las Mercedes de Los Llanos'),
	(11, 'Lezama'),
	(11, 'Onoto'),
	(11, 'Ortíz'),
	(11, 'San José de Guaribe'),
	(11, 'San Juan de Los Morros'),
	(11, 'San Rafael de Laya'),
	(11, 'Santa María de Ipire'),
	(11, 'Tucupido'),
	(11, 'Valle de La Pascua'),
	(11, 'Zaraza'),
	(12, 'Aguada Grande'),
	(12, 'Atarigua'),
	(12, 'Barquisimeto'),
	(12, 'Bobare'),
	(12, 'Cabudare'),
	(12, 'Carora'),
	(12, 'Cubiro'),
	(12, 'Cují'),
	(12, 'Duaca'),
	(12, 'El Manzano'),
	(12, 'El Tocuyo'),
	(12, 'Guaríco'),
	(12, 'Humocaro Alto'),
	(12, 'Humocaro Bajo'),
	(12, 'La Miel'),
	(12, 'Moroturo'),
	(12, 'Quíbor'),
	(12, 'Río Claro'),
	(12, 'Sanare'),
	(12, 'Santa Inés'),
	(12, 'Sarare'),
	(12, 'Siquisique'),
	(12, 'Tintorero'),
	(13, 'Apartaderos'),
	(13, 'Arapuey'),
	(13, 'Bailadores'),
	(13, 'Caja Seca'),
	(13, 'Canaguá'),
	(13, 'Chachopo'),
	(13, 'Chiguara'),
	(13, 'Ejido'),
	(13, 'El Vigía'),
	(13, 'La Azulita'),
	(13, 'La Playa'),
	(13, 'Lagunillas'),
	(13, 'Mérida'),
	(13, 'Mesa de Bolívar'),
	(13, 'Mucuchíes'),
	(13, 'Mucujepe'),
	(13, 'Mucuruba'),
	(13, 'Nueva Bolivia'),
	(13, 'Palmarito'),
	(13, 'Pueblo Llano'),
	(13, 'Santa Cruz de Mora'),
	(13, 'Santa Elena de Arenales'),
	(13, 'Santo Domingo'),
	(13, 'Tabáy'),
	(13, 'Timotes'),
	(13, 'Torondoy'),
	(13, 'Tovar'),
	(13, 'Tucani'),
	(13, 'Zea'),
	(14, 'Araguita'),
	(14, 'Carrizal'),
	(14, 'Caucagua'),
	(14, 'Chaguaramas Miranda'),
	(14, 'Charallave'),
	(14, 'Chirimena'),
	(14, 'Chuspa'),
	(14, 'Cúa'),
	(14, 'Cupira'),
	(14, 'Curiepe'),
	(14, 'El Guapo'),
	(14, 'El Jarillo'),
	(14, 'Filas de Mariche'),
	(14, 'Guarenas'),
	(14, 'Guatire'),
	(14, 'Higuerote'),
	(14, 'Los Anaucos'),
	(14, 'Los Teques'),
	(14, 'Ocumare del Tuy'),
	(14, 'Panaquire'),
	(14, 'Paracotos'),
	(14, 'Río Chico'),
	(14, 'San Antonio de Los Altos'),
	(14, 'San Diego de Los Altos'),
	(14, 'San Fernando del Guapo'),
	(14, 'San Francisco de Yare'),
	(14, 'San José de Los Altos'),
	(14, 'San José de Río Chico'),
	(14, 'San Pedro de Los Altos'),
	(14, 'Santa Lucía'),
	(14, 'Santa Teresa'),
	(14, 'Tacarigua de La Laguna'),
	(14, 'Tacarigua de Mamporal'),
	(14, 'Tácata'),
	(14, 'Turumo'),
	(15, 'Aguasay'),
	(15, 'Aragua de Maturín'),
	(15, 'Barrancas del Orinoco'),
	(15, 'Caicara de Maturín'),
	(15, 'Caripe'),
	(15, 'Caripito'),
	(15, 'Chaguaramal'),
	(15, 'Chaguaramas Monagas'),
	(15, 'El Furrial'),
	(15, 'El Tejero'),
	(15, 'Jusepín'),
	(15, 'La Toscana'),
	(15, 'Maturín'),
	(15, 'Miraflores'),
	(15, 'Punta de Mata'),
	(15, 'Quiriquire'),
	(15, 'San Antonio de Maturín'),
	(15, 'San Vicente Monagas'),
	(15, 'Santa Bárbara'),
	(15, 'Temblador'),
	(15, 'Teresen'),
	(15, 'Uracoa'),
	(16, 'Altagracia'),
	(16, 'Boca de Pozo'),
	(16, 'Boca de Río'),
	(16, 'El Espinal'),
	(16, 'El Valle del Espíritu Santo'),
	(16, 'El Yaque'),
	(16, 'Juangriego'),
	(16, 'La Asunción'),
	(16, 'La Guardia'),
	(16, 'Pampatar'),
	(16, 'Porlamar'),
	(16, 'Puerto Fermín'),
	(16, 'Punta de Piedras'),
	(16, 'San Francisco de Macanao'),
	(16, 'San Juan Bautista'),
	(16, 'San Pedro de Coche'),
	(16, 'Santa Ana de Nueva Esparta'),
	(16, 'Villa Rosa'),
	(17, 'Acarigua'),
	(17, 'Agua Blanca'),
	(17, 'Araure'),
	(17, 'Biscucuy'),
	(17, 'Boconoito'),
	(17, 'Campo Elías'),
	(17, 'Chabasquén'),
	(17, 'Guanare'),
	(17, 'Guanarito'),
	(17, 'La Aparición'),
	(17, 'La Misión'),
	(17, 'Mesa de Cavacas'),
	(17, 'Ospino'),
	(17, 'Papelón'),
	(17, 'Payara'),
	(17, 'Pimpinela'),
	(17, 'Píritu de Portuguesa'),
	(17, 'San Rafael de Onoto'),
	(17, 'Santa Rosalía'),
	(17, 'Turén'),
	(18, 'Altos de Sucre'),
	(18, 'Araya'),
	(18, 'Cariaco'),
	(18, 'Carúpano'),
	(18, 'Casanay'),
	(18, 'Cumaná'),
	(18, 'Cumanacoa'),
	(18, 'El Morro Puerto Santo'),
	(18, 'El Pilar'),
	(18, 'El Poblado'),
	(18, 'Guaca'),
	(18, 'Guiria'),
	(18, 'Irapa'),
	(18, 'Manicuare'),
	(18, 'Mariguitar'),
	(18, 'Río Caribe'),
	(18, 'San Antonio del Golfo'),
	(18, 'San José de Aerocuar'),
	(18, 'San Vicente de Sucre'),
	(18, 'Santa Fe de Sucre'),
	(18, 'Tunapuy'),
	(18, 'Yaguaraparo'),
	(18, 'Yoco'),
	(19, 'Abejales'),
	(19, 'Borota'),
	(19, 'Bramon'),
	(19, 'Capacho'),
	(19, 'Colón'),
	(19, 'Coloncito'),
	(19, 'Cordero'),
	(19, 'El Cobre'),
	(19, 'El Pinal'),
	(19, 'Independencia'),
	(19, 'La Fría'),
	(19, 'La Grita'),
	(19, 'La Pedrera'),
	(19, 'La Tendida'),
	(19, 'Las Delicias'),
	(19, 'Las Hernández'),
	(19, 'Lobatera'),
	(19, 'Michelena'),
	(19, 'Palmira'),
	(19, 'Pregonero'),
	(19, 'Queniquea'),
	(19, 'Rubio'),
	(19, 'San Antonio del Tachira'),
	(19, 'San Cristobal'),
	(19, 'San José de Bolívar'),
	(19, 'San Josecito'),
	(19, 'San Pedro del Río'),
	(19, 'Santa Ana Táchira'),
	(19, 'Seboruco'),
	(19, 'Táriba'),
	(19, 'Umuquena'),
	(19, 'Ureña'),
	(20, 'Batatal'),
	(20, 'Betijoque'),
	(20, 'Boconó'),
	(20, 'Carache'),
	(20, 'Chejende'),
	(20, 'Cuicas'),
	(20, 'El Dividive'),
	(20, 'El Jaguito'),
	(20, 'Escuque'),
	(20, 'Isnotú'),
	(20, 'Jajó'),
	(20, 'La Ceiba'),
	(20, 'La Concepción de Trujllo'),
	(20, 'La Mesa de Esnujaque'),
	(20, 'La Puerta'),
	(20, 'La Quebrada'),
	(20, 'Mendoza Fría'),
	(20, 'Meseta de Chimpire'),
	(20, 'Monay'),
	(20, 'Motatán'),
	(20, 'Pampán'),
	(20, 'Pampanito'),
	(20, 'Sabana de Mendoza'),
	(20, 'San Lázaro'),
	(20, 'Santa Ana de Trujillo'),
	(20, 'Tostós'),
	(20, 'Trujillo'),
	(20, 'Valera'),
	(21, 'Carayaca'),
	(21, 'Litoral'),
	(25, 'Archipiélago Los Roques'),
	(22, 'Aroa'),
	(22, 'Boraure'),
	(22, 'Campo Elías de Yaracuy'),
	(22, 'Chivacoa'),
	(22, 'Cocorote'),
	(22, 'Farriar'),
	(22, 'Guama'),
	(22, 'Marín'),
	(22, 'Nirgua'),
	(22, 'Sabana de Parra'),
	(22, 'Salom'),
	(22, 'San Felipe'),
	(22, 'San Pablo de Yaracuy'),
	(22, 'Urachiche'),
	(22, 'Yaritagua'),
	(22, 'Yumare'),
	(23, 'Bachaquero'),
	(23, 'Bobures'),
	(23, 'Cabimas'),
	(23, 'Campo Concepción'),
	(23, 'Campo Mara'),
	(23, 'Campo Rojo'),
	(23, 'Carrasquero'),
	(23, 'Casigua'),
	(23, 'Chiquinquirá'),
	(23, 'Ciudad Ojeda'),
	(23, 'El Batey'),
	(23, 'El Carmelo'),
	(23, 'El Chivo'),
	(23, 'El Guayabo'),
	(23, 'El Mene'),
	(23, 'El Venado'),
	(23, 'Encontrados'),
	(23, 'Gibraltar'),
	(23, 'Isla de Toas'),
	(23, 'La Concepción del Zulia'),
	(23, 'La Paz'),
	(23, 'La Sierrita'),
	(23, 'Lagunillas del Zulia'),
	(23, 'Las Piedras de Perijá'),
	(23, 'Los Cortijos'),
	(23, 'Machiques'),
	(23, 'Maracaibo'),
	(23, 'Mene Grande'),
	(23, 'Palmarejo'),
	(23, 'Paraguaipoa'),
	(23, 'Potrerito'),
	(23, 'Pueblo Nuevo del Zulia'),
	(23, 'Puertos de Altagracia'),
	(23, 'Punta Gorda'),
	(23, 'Sabaneta de Palma'),
	(23, 'San Francisco'),
	(23, 'San José de Perijá'),
	(23, 'San Rafael del Moján'),
	(23, 'San Timoteo'),
	(23, 'Santa Bárbara Del Zulia'),
	(23, 'Santa Cruz de Mara'),
	(23, 'Santa Cruz del Zulia'),
	(23, 'Santa Rita'),
	(23, 'Sinamaica'),
	(23, 'Tamare'),
	(23, 'Tía Juana'),
	(23, 'Villa del Rosario'),
	(21, 'La Guaira'),
	(21, 'Catia La Mar'),
	(21, 'Macuto'),
	(21, 'Naiguatá'),
	(25, 'Archipiélago Los Monjes'),
	(25, 'Isla La Tortuga y Cayos adyacentes'),
	(25, 'Isla La Sola'),
	(25, 'Islas Los Testigos'),
	(25, 'Islas Los Frailes'),
	(25, 'Isla La Orchila'),
	(25, 'Archipiélago Las Aves'),
	(25, 'Isla de Aves'),
	(25, 'Isla La Blanquilla'),
	(25, 'Isla de Patos'),
	(25, 'Islas Los Hermanos');
        
INSERT INTO Participant (`Id`, `DNI`, `Name`, `Last_Name`, `Email`, `Gender`, `Username`, `Password`, `Register_Date`, `City_Id`, `Status`, `Code`) VALUES (1, '123456789', 'Typson', 'Sánchez', 'styp152@gmail.com', 'Male', 'admin', '7c4a8d09ca3762af61e59520943dc26494f8941b', '2014-05-30 00:00:00', 1, 'Active', '');
INSERT INTO Participant (`Id`, `DNI`, `Name`, `Last_Name`, `Email`, `Gender`, `Username`, `Password`, `Register_Date`, `City_Id`, `Status`, `Code`) VALUES (2, '1122334455', 'Pedro', 'Pérez', 'perez@gmail.com', 'Male', 'perez4', '7c4a8d09ca3762af61e59520943dc26494f8941b', '2014-05-30 00:00:00', 255, 'Active', '');
INSERT INTO Participant (`Id`, `DNI`, `Name`, `Last_Name`, `Email`, `Gender`, `Username`, `Password`, `Register_Date`, `City_Id`, `Status`, `Code`) VALUES (12, '4356042', 'Myriam', 'Anzola', 'anzolamyriam08@gmail.com', '', 'Myriam Anzola', 'c2ff7fb2c6b82c2abd2cf829bec98f6947c816a0', '2014-06-20 15:39:32', NULL, 'Active', '');
INSERT INTO Participant (`Id`, `DNI`, `Name`, `Last_Name`, `Email`, `Gender`, `Username`, `Password`, `Register_Date`, `City_Id`, `Status`, `Code`) VALUES (13, '9477396', 'Ricardo Simón', 'Dugarte Rivera', 'ricardodugarte@yahoo.es', '', 'ricardodugarte', '3ce32f4a364252398bf5aabd79e92c2b2fb165de', '2014-06-21 00:08:01', NULL, 'Active', '');
INSERT INTO Participant (`Id`, `DNI`, `Name`, `Last_Name`, `Email`, `Gender`, `Username`, `Password`, `Register_Date`, `City_Id`, `Status`, `Code`) VALUES (14, 'V-9250001', 'Lilel Yaneth', 'Pulido de Spinetti', 'lilelpulido@yahoo.es', '', 'Lilel', 'c072645742397d1a1ca0f7603f044dd7496e5b96', '2014-06-21 22:56:23', NULL, 'Active', '');
INSERT INTO Participant (`Id`, `DNI`, `Name`, `Last_Name`, `Email`, `Gender`, `Username`, `Password`, `Register_Date`, `City_Id`, `Status`, `Code`) VALUES (15, '12496380', 'DAVID RAFAEL', 'ACOSTA MARTINEZ', 'd4944a3612174@live.com', '', 'Deive74', 'cd96353f19efeca5bba207181e382cdbbd4ce813', '2014-06-23 13:02:10', NULL, 'Active', '');
INSERT INTO Participant (`Id`, `DNI`, `Name`, `Last_Name`, `Email`, `Gender`, `Username`, `Password`, `Register_Date`, `City_Id`, `Status`, `Code`) VALUES (16, '15620225', 'ELSY', 'Guadua', 'elsyguadua@gmail.com', '', 'Yasmìn', 'dc677a628d3f3cf1570dd3c7490abc8e86aaa3ed', '2014-06-23 14:03:49', NULL, 'Active', '');
INSERT INTO Participant (`Id`, `DNI`, `Name`, `Last_Name`, `Email`, `Gender`, `Username`, `Password`, `Register_Date`, `City_Id`, `Status`, `Code`) VALUES (17, '14267897', 'Chemane', 'Arias Rodolfi', 'chemane.arias@gmail.com', '', 'chemane', 'b6eca69b0ac529465e4d363897e49a7ca3423ec2', '2014-06-23 20:20:27', NULL, 'Active', '');
INSERT INTO Participant (`Id`, `DNI`, `Name`, `Last_Name`, `Email`, `Gender`, `Username`, `Password`, `Register_Date`, `City_Id`, `Status`, `Code`) VALUES (18, '11956156', 'JOSE', 'ALDANA', 'josealdana74@hotmail.com', '', 'josealdana74', 'f1327187f19fc7ea82abb8aa336c4ea23a9e48ad', '2014-06-25 00:42:38', NULL, 'Active', '');
INSERT INTO Participant (`Id`, `DNI`, `Name`, `Last_Name`, `Email`, `Gender`, `Username`, `Password`, `Register_Date`, `City_Id`, `Status`, `Code`) VALUES (19, '13098948', 'Federico', 'Del Cura', 'federico.delcura@gmail.com', '', 'federico', '972bbd0cd2c1f42935180f478fd69412a77b6f54', '2014-06-25 20:27:04', NULL, 'Active', '');
INSERT INTO Participant (`Id`, `DNI`, `Name`, `Last_Name`, `Email`, `Gender`, `Username`, `Password`, `Register_Date`, `City_Id`, `Status`, `Code`) VALUES (20, '5655983', 'Blanca Elena', 'Alviarez de Maldonado', 'blancalvi@gmail.com', '', 'Blanca', '37284fad520482a0d906766123848d68bd589bf6', '2014-06-25 21:02:25', NULL, 'Active', '');
INSERT INTO Participant (`Id`, `DNI`, `Name`, `Last_Name`, `Email`, `Gender`, `Username`, `Password`, `Register_Date`, `City_Id`, `Status`, `Code`) VALUES (21, '81.914.258', 'Jorge de Jesùs', 'Agudelo Àlvarez', 'jagudelo144@gmail.com', '', 'agudelo', '840f0989c869f6fcca86ca424e159e0ea1063dc7', '2014-06-26 09:56:55', NULL, 'Active', '');
INSERT INTO Participant (`Id`, `DNI`, `Name`, `Last_Name`, `Email`, `Gender`, `Username`, `Password`, `Register_Date`, `City_Id`, `Status`, `Code`) VALUES (22, 'E-81914258', 'JORGE', 'AGUDELO', 'jorgeagudeloalvarez@gmail.com', '', 'jagudelo', '465e8e7ae9338dd5b528903689f34c964988b1b6', '2014-06-26 10:19:06', NULL, 'Active', '');
INSERT INTO Participant (`Id`, `DNI`, `Name`, `Last_Name`, `Email`, `Gender`, `Username`, `Password`, `Register_Date`, `City_Id`, `Status`, `Code`) VALUES (23, '9120828', 'Jose Antonio', 'Castillo Echezuria', 'Danzauptm@Gmail.com', '', 'Danza M. Albert', '167bc177dd6ce61af3690c633bf9a0c1d354c39e', '2014-06-26 13:17:29', NULL, 'Active', '');
INSERT INTO Participant (`Id`, `DNI`, `Name`, `Last_Name`, `Email`, `Gender`, `Username`, `Password`, `Register_Date`, `City_Id`, `Status`, `Code`) VALUES (24, '13309223', 'Heidi', 'Martinez', 'yennay78@gmail.com', '', 'Heidiyennay', '7c222fb2927d828af22f592134e8932480637c0d', '2014-06-26 17:27:18', NULL, 'Active', '');
INSERT INTO Participant (`Id`, `DNI`, `Name`, `Last_Name`, `Email`, `Gender`, `Username`, `Password`, `Register_Date`, `City_Id`, `Status`, `Code`) VALUES (25, '12779013', 'Lindys', 'Vivas', 'lindys.vivas@gmail.com', '', 'lindysv', '916b57f19eebac3619a2a7cee077473b4ecc70c9', '2014-06-26 17:33:42', NULL, 'Active', '');
INSERT INTO Participant (`Id`, `DNI`, `Name`, `Last_Name`, `Email`, `Gender`, `Username`, `Password`, `Register_Date`, `City_Id`, `Status`, `Code`) VALUES (26, 'V-7764065', 'Mariela', 'Ramirez', 'mariekitty2013@yahoo.com', '', 'Mariela', '59582f0368a688aa0234c0cefa17983b4c5abb2b', '2014-06-27 21:48:35', NULL, 'Active', '');
INSERT INTO Participant (`Id`, `DNI`, `Name`, `Last_Name`, `Email`, `Gender`, `Username`, `Password`, `Register_Date`, `City_Id`, `Status`, `Code`) VALUES (27, '6404020', 'Eric Leonardo', 'Gutierrez', 'ergutier04@gmail.com', '', 'ergutieer', '1593c6d6a95a931d179232bbddf8d534c5b7a049', '2014-06-27 23:15:54', NULL, 'Active', '');
INSERT INTO Participant (`Id`, `DNI`, `Name`, `Last_Name`, `Email`, `Gender`, `Username`, `Password`, `Register_Date`, `City_Id`, `Status`, `Code`) VALUES (28, '06404020', 'Eric Leonardo', 'Gutierrez', 'egutierrez@cida.gob.ve', '', 'ergutier13', '0dc715ee4e63416d685ef019de89f7bee8f210ee', '2014-06-27 23:32:29', NULL, 'Active', '');
INSERT INTO Participant (`Id`, `DNI`, `Name`, `Last_Name`, `Email`, `Gender`, `Username`, `Password`, `Register_Date`, `City_Id`, `Status`, `Code`) VALUES (29, '1562193', 'Carlos', 'Rivas', 'carlos_rivas_45@hotmail.com', '', 'carlos_rivas_45', 'ea955edc76a079f3b62928f67047f43695b8750c', '2014-06-28 03:15:51', NULL, 'Active', '');
INSERT INTO Participant (`Id`, `DNI`, `Name`, `Last_Name`, `Email`, `Gender`, `Username`, `Password`, `Register_Date`, `City_Id`, `Status`, `Code`) VALUES (30, '15295994', 'CLAUDIA', 'HERNANDEZ', 'clauhez@hotmail.com', '', 'gascomunal', '1dbe20f7946467eadd5f3bf8b57e8f44d9ff19fd', '2014-06-28 12:47:56', NULL, 'Active', '');

INSERT INTO Account (`Id`, `Bank`, `Number`, `Holder`, `DNI`, `Status`, `Type`) VALUES (1, 'Mercantil', '123123123', 'UPTM', '123456789', 'Active', 'Savings Account');

INSERT INTO Event (`Id`, `Name`, `Purpose`, `Type`) VALUES (3, 'II Jornadas de Intercambios de Saberes entre las Comunidades del ProEA', 'Socializar las experiencias y saberes de las comunidades\r\nde aprendizaje para el fortalecimiento del hacer y la\r\ninvestigación mediante el debate, el intercambio y la\r\ndivulgación en el ámbito de las temáticas que se\r\n  convocan.', 'Meeting');
INSERT INTO Event (`Id`, `Name`, `Purpose`, `Type`) VALUES (4, 'Jornadas de Investigación, Extensión e innovación Tecnología', 'Estimular la investigación, cientifica, tecnológica con la finalidad de crear espacios para la reflexión e intercambio de saberes, vínculando con instituciones locales, estadales, nacionales e internacionales', 'Conference');

INSERT INTO Scheduled_Event (`Id`, `Start_Date`, `End_Date`, `Mode`, `Quota`, `Status`, `Slogan`, `Hours`, `Extending_summary_date`, `Extending_final_report_date`, `Event_Id`) VALUES (3, '2014-07-21 08:00:00', '2014-07-23 18:00:00', 'Classroom', 500, 'Active', 'Av. 25 de Noviembre vía manzano alto, Ejido Estado Mérida.', 24, '2014-06-16', '2014-06-27', 3);
INSERT INTO Scheduled_Event (`Id`, `Start_Date`, `End_Date`, `Mode`, `Quota`, `Status`, `Slogan`, `Hours`, `Extending_summary_date`, `Extending_final_report_date`, `Event_Id`) VALUES (4, '2014-11-26 08:00:00', '2014-11-28 18:00:00', 'Classroom', 1200, 'Active', 'Una mirada hacia los nuevos paradigmas de la investigación e innovación en el ámbito Universitario', 40, '2014-08-15', '2014-09-30', 4);

INSERT INTO Sale (`Id`, `Start_Date`, `End_Date`, `Description`, `Status`, `Type`, `Scheduled_Event_Id`) VALUES (5, '2014-06-09', '2014-07-23', 'Registro General', 'Active', '', 3);
INSERT INTO Sale (`Id`, `Start_Date`, `End_Date`, `Description`, `Status`, `Type`, `Scheduled_Event_Id`) VALUES (6, '2014-06-01', '2014-07-31', 'Inscripción Temprana', 'Active', '', 4);
INSERT INTO Sale (`Id`, `Start_Date`, `End_Date`, `Description`, `Status`, `Type`, `Scheduled_Event_Id`) VALUES (7, '2014-08-01', '2014-11-29', 'Inscripción General', 'Off', '', 4);

INSERT INTO Knowledge (`Id`, `Order`, `Content`, `Scheduled_Event_Id`) VALUES (2, 1, 'Pedagogías Alternativas en Desarrollo Artístico.', 3);
INSERT INTO Knowledge (`Id`, `Order`, `Content`, `Scheduled_Event_Id`) VALUES (3, 2, 'Pedagogías Alternativas en el Campo Social.', 3);
INSERT INTO Knowledge (`Id`, `Order`, `Content`, `Scheduled_Event_Id`) VALUES (4, 3, 'Desarrollo Endógeno en Agroecología y Ambiente.', 3);
INSERT INTO Knowledge (`Id`, `Order`, `Content`, `Scheduled_Event_Id`) VALUES (5, 4, 'Desarrollo Endógeno y Producción.', 3);
INSERT INTO Knowledge (`Id`, `Order`, `Content`, `Scheduled_Event_Id`) VALUES (6, 5, 'Desarrollo Endógeno y Tecnología.', 3);
INSERT INTO Knowledge (`Id`, `Order`, `Content`, `Scheduled_Event_Id`) VALUES (7, 6, 'Educación y Sociedad.', 3);
INSERT INTO Knowledge (`Id`, `Order`, `Content`, `Scheduled_Event_Id`) VALUES (8, 1, 'Ciencias Tecnológicas', 4);
INSERT INTO Knowledge (`Id`, `Order`, `Content`, `Scheduled_Event_Id`) VALUES (9, 2, 'Ciencias Sociales', 4);
INSERT INTO Knowledge (`Id`, `Order`, `Content`, `Scheduled_Event_Id`) VALUES (10, 3, 'Agroecología y Desarrollo Endógeno', 4);
INSERT INTO Knowledge (`Id`, `Order`, `Content`, `Scheduled_Event_Id`) VALUES (11, 4, 'Ciencias de la Salud', 4);
INSERT INTO Knowledge (`Id`, `Order`, `Content`, `Scheduled_Event_Id`) VALUES (12, 5, 'Educación y Sociedad', 4);
INSERT INTO Knowledge (`Id`, `Order`, `Content`, `Scheduled_Event_Id`) VALUES (13, 6, 'Innovadores', 4);
INSERT INTO Knowledge (`Id`, `Order`, `Content`, `Scheduled_Event_Id`) VALUES (14, 7, 'Cultores', 4);
INSERT INTO Knowledge (`Id`, `Order`, `Content`, `Scheduled_Event_Id`) VALUES (15, 8, 'Actividad Ludica', 4);
INSERT INTO Knowledge (`Id`, `Order`, `Content`, `Scheduled_Event_Id`) VALUES (16, 9, 'Voz Campesina', 4);


INSERT INTO Activity (`Id`, `Title`, `Mode`, `Participation_Type`, `Keywords`, `Summary`, `Summary_Words`, `Status`, `Scheduled_Event_Id`) VALUES (1, 'PRESERVACIÓN DEL PORTAFOLIO COMO PATRIMONIO DOCUMENTAL INSTITUCIONAL.', 'Conversational', 'Classroom', 'Preservación. Documento. Patrimonio. Portafolio.', '0', 'La evolución de los soportes documentales se debe en gran medida a la necesidad  de preservar y conservar  el trabajo intelectual y  la  permanencia en el tiempo de la información que contiene. El caso del portafolio requiere la selección de materiales durables y de calidad a la hora de su diseño pues plantea actualmente los mayores problemas debido a la rapidez de su índice de deterioro, es necesario extender la vida útil de toda la producción intelectual, artística, científica entre otros, plasmados en documentos y que éstos  se conviertan en patrimonio documental global sin delimitarlo al universo local. Se ha utilizado para este estudio registros de observación al repositorio institucional  evidenciando desconocimiento de los materiales pertinentes en el diseño del portafolio. Se reflexiona  sobre la toma de  conciencia de la importancia y trascendencia de las actividades llevadas a cabo directamente con  bienes bibliográficos y documentales constituidas por todas aquellas manifestaciones registradas que dan cuenta de la evolución del pensamiento, de los descubrimientos y de los logros de la sociedad para darles la dimensión acerca del patrimonio cultural documental albergado en espacios institucionales. Se entiende el patrimonio cultural como una activación, de carácter ideológico, de las identidades que se formulan. Estas versiones ideológicas de la identidad se expresan en un discurso y a través de un conjunto de símbolos, teniendo clara la dialéctica  entre los investigadores y la comunidad para decidir que es lo que se debe preservar y a partir de eso organizar un acervo donde nada se oculte. Una vez que se comprende qué es lo que ocurre en la realidad construida y por construir, es necesario aventurar una posición que oriente a la valoración del portafolio como documento histórico con  valores intrínsecos patrimoniales que deben ser conocidos, preservados y transmitidos.', 'Proposal', 3);
INSERT INTO Activity (`Id`, `Title`, `Mode`, `Participation_Type`, `Keywords`, `Summary`, `Summary_Words`, `Status`, `Scheduled_Event_Id`) VALUES (2, 'Proyecto Editorial en el Programa Nacional de Formación Información y Documentación, una Experiencia para la Edición de la Información.', 'Conversational', 'Classroom', 'Edición, Experiencia, Creación, Proyecto Editorial, Valorar.', '0', 'La elaboración de un proyecto editorial, desarrolla las habilidades necesarias para la creación de productos de información, utilizando el talento creativo y la capacidad de generar nuevas ideas por parte de los participantes. La experiencia tiene como finalidad facilitar, a partir de propuestas, pautas y herramientas concretas, los conocimientos que debe poseer un productor intelectual a la hora de crear y plantear su producto para llevarlo a la práctica. La investigación es cualitativa, utilizando como método la investigación acción participativa, la actividad se realizó en tres cursos de Edición de la Información del Programa Nacional de Formación, Información y Documentación, Misión Sucre, desde las experiencias, prácticas acumuladas y vividas por los integrantes. Esta actividad ha brindado la posibilidad a los participantes de expresar de diversas formas mediante la publicación en temas como: históricos, turísticos, folclóricos, políticos, capacitación técnica, poéticos, temas gastronómicos locales, narrativa, entre otros. Como sujetos de la sociedad y de un entorno cultural rico en contenidos y formas de expresión, creemos que si las personas conocen más sobre su acervo documental, podrán aumentar su valía, su sentido de pertenencia y, por lo tanto, una toma de posición y mayor participación ante hechos con el fin justamente de promover  una mayor conciencia patrimonial a través del conocimiento.', 'Proposal', 3);
INSERT INTO Activity (`Id`, `Title`, `Mode`, `Participation_Type`, `Keywords`, `Summary`, `Summary_Words`, `Status`, `Scheduled_Event_Id`) VALUES (3, 'CICLOS DE CAPACITACIÓN PARA  EL MANEJO DE LA INFORMACIÓN CIENTÍFICA: UNA EXPERIENCIA REPLICABLE', 'Oral Speech', 'Classroom', 'Aprendizaje. Ciencia. Divulgación. Mensaje. Socialización.', '0', 'Los Ciclos de Capacitación para el Manejo de la Información Científica nacen de un esfuerzo institucional ante la necesidad de articular  a la ciencia y la sociedad como una forma de avanzar en la conquista la soberanía científica y tecnológica, para lo cual es preciso que la población esté correctamente informada sobre cuestiones relacionadas con la generación de conocimiento, a través de procesos de socialización. \n\nSe trata de una actividades de educación no formal, fácilmente replicable en cualquier espacio, dirigida a diversos sectores de la cadena de divulgación de la ciencia en las que el resultado final es un producto divulgativo validado por expertos para su posterior difusión.\n\nLa iniciativa se inscribe en una ganancia social conjunta de los involucrados ya que cada actor ofrece su potencial natural para  favorecer la apropiación social del conocimiento, al tiempo que gana en procesos de aprendizaje. \n\nLos resultados han sido positivos y valorados de manera particular por quienes logran comprender que poseen la capacidad para la elaboración y transmisión de mensajes asociados a la ciencia y la tecnología dirigidos a diversos públicos.', 'Proposal', 3);
INSERT INTO Activity (`Id`, `Title`, `Mode`, `Participation_Type`, `Keywords`, `Summary`, `Summary_Words`, `Status`, `Scheduled_Event_Id`) VALUES (4, 'LO COMPLEJO, RADICA EN DEVELAR LOS CONTRABANDOS IDEOLÓGICOS APARENTEMENTE NEUTROS DE OCCIDENTE.', 'Conversational', 'Classroom', 'Emancipación. epistemología del sur. descolonización. organización popular.', '0', 'LO COMPLEJO, RADICA EN DEVELAR LOS CONTRABANDOS IDEOLÓGICOS APARENTEMENTE NEUTROS DE OCCIDENTE.\nPor: Carlos Rivas1.\n\n\nResumen: \npretendemos con éste trabajo impulsar un debate que contribuya a la consolidación de nuevos modelos teóricos para analizar la realidad. Nuevos modelos, que brinden la posibilidad de generar espacios alternativos a la educación tradicional, que cuestione en su esencia, las formas en cómo occidente ha “universalizado” su saber arbitrariamente para sostener en el tiempo una acción colonizadora, que no se propone transformar la realidad. En ese sentido, asistimos a la consolidación de un modelo científico occidental, que ha servido como instrumento para profundizar la colonización, desde concepciones eurocéntricas, las cuales alimentan a su vez pretensiones “universalistas” que niegan la existencia del otro. Negar al otro desde una supuesta superioridad construida socialmente, forma parte de un lenguaje excluyente, que reproduce la colonización cultural de la que hemos venido siendo parte como países de la mal llamada “periferia”. Se trata de un debate entre distintas corrientes del pensamiento crítico, que entiende a los movimientos sociales como la arena, en la que se está revolucionando el pensamiento en éste siglo XXI. \n\n\nMail: carlos_rivas_45@hotmail.com\nTlf: 0416-1352997\n\npalabras claves:. Emancipación. epistemología del sur.  descolonización. organización popular.', 'Proposal', 3);

INSERT INTO Author (`Id`, `Type`, `Institution`, `Activity_Id`, `Participant_Id`) VALUES (1, 'Primary', 'Universidad Politécnica Territorial “Kléber Ramírez” Programa de Estudios Abiertos (ProEA) Comunidad', 1, 15);
INSERT INTO Author (`Id`, `Type`, `Institution`, `Activity_Id`, `Participant_Id`) VALUES (2, 'Primary', 'Universidad Politécnica Territorial de Mérida “Kleber Ramírez”', 2, 14);
INSERT INTO Author (`Id`, `Type`, `Institution`, `Activity_Id`, `Participant_Id`) VALUES (3, 'Primary', 'Comunidad de Aprendizaje Fundacite Mérida', 3, 25);
INSERT INTO Author (`Id`, `Type`, `Institution`, `Activity_Id`, `Participant_Id`) VALUES (4, 'Primary', 'UNEFA, MISION SUCRE, COSTURERO, UPTM', 4, 29);

INSERT INTO Knowledge_Activity (`Id`, `Knowledge_Id`, `Activity_Id`) VALUES (1, 7, 1);
INSERT INTO Knowledge_Activity (`Id`, `Knowledge_Id`, `Activity_Id`) VALUES (2, 7, 2);
INSERT INTO Knowledge_Activity (`Id`, `Knowledge_Id`, `Activity_Id`) VALUES (3, 7, 3);
INSERT INTO Knowledge_Activity (`Id`, `Knowledge_Id`, `Activity_Id`) VALUES (4, 7, 4);

INSERT INTO Cost (`Id`, `Amount`, `Type`, `Sale_Id`) VALUES (13, '0', 'Speaker', 5);
INSERT INTO Cost (`Id`, `Amount`, `Type`, `Sale_Id`) VALUES (14, '0', 'Professionals & General Public', 5);
INSERT INTO Cost (`Id`, `Amount`, `Type`, `Sale_Id`) VALUES (15, '250', 'Student', 6);
INSERT INTO Cost (`Id`, `Amount`, `Type`, `Sale_Id`) VALUES (16, '400', 'Speaker', 6);
INSERT INTO Cost (`Id`, `Amount`, `Type`, `Sale_Id`) VALUES (17, '450', 'Professionals & General Public', 6);
INSERT INTO Cost (`Id`, `Amount`, `Type`, `Sale_Id`) VALUES (18, '300', 'Student', 7);
INSERT INTO Cost (`Id`, `Amount`, `Type`, `Sale_Id`) VALUES (19, '450', 'Speaker', 7);
INSERT INTO Cost (`Id`, `Amount`, `Type`, `Sale_Id`) VALUES (20, '500', 'Professionals & General Public', 7);

INSERT INTO Registration (`Id`, `Status`, `Registration_Date`, `Cost_Id`, `Participant_Id`, `Scheduled_Event_Id`) VALUES (1, 'Without Payment', '2014-06-21 23:14:12', 14, 14, 3);
INSERT INTO Registration (`Id`, `Status`, `Registration_Date`, `Cost_Id`, `Participant_Id`, `Scheduled_Event_Id`) VALUES (2, 'Without Payment', '2014-06-21 23:15:37', 14, 14, 3);
INSERT INTO Registration (`Id`, `Status`, `Registration_Date`, `Cost_Id`, `Participant_Id`, `Scheduled_Event_Id`) VALUES (3, 'Facilitator', '2014-06-23 13:17:45', 13, 15, 3);
INSERT INTO Registration (`Id`, `Status`, `Registration_Date`, `Cost_Id`, `Participant_Id`, `Scheduled_Event_Id`) VALUES (4, 'Facilitator', '2014-06-23 13:54:52', 13, 14, 3);
INSERT INTO Registration (`Id`, `Status`, `Registration_Date`, `Cost_Id`, `Participant_Id`, `Scheduled_Event_Id`) VALUES (5, 'Facilitator', '2014-06-26 17:40:54', 13, 25, 3);
INSERT INTO Registration (`Id`, `Status`, `Registration_Date`, `Cost_Id`, `Participant_Id`, `Scheduled_Event_Id`) VALUES (6, 'Facilitator', '2014-06-28 03:54:09', 13, 29, 3);

INSERT INTO User (`Id`, `Type`, `Participant_Id`) VALUES (1, 'Super Admin', 1);

INSERT INTO `Planning` (`Id`, `Start_Date`, `End_Date`, `Description`, `Scheduled_Event_Id`) VALUES
(1, '2014-11-24', '2014-11-25', 'Encuentro de Cultores', 4),
(2, '2014-11-26', '2014-11-28', 'Jornadas de Investigación', 4),
(3, '2014-11-29', '2014-11-29', 'Voz Campecina', 4);

INSERT INTO `Place` (`Id`, `Name`, `Description`, `Scheduled_Event_Id`) VALUES
(1, 'Universidad Politécnica Territorial de Mérida "Kléber Ramírez"', 'Ejido, Estado Mérida', 4);